[
    {
        "name": "Overworld",
        "children": [
            {
                "name": "Starting Sword Cave",
                "sections": [
                    {
                        "name": "Sword",
                        "item_count": 1
                    }
                ],
                "map_locations": [
                    {
                        "map": "overworld",
                        "x": 1863,
                        "y": 1255
                    }
                ]
            },
            {
                "name": "White Sword Pond",
                "access_rules": [
                    "[$weapons], heart:2"                              
                ],
                "sections": [
                    {
                        "name": "White Sword",
                        "item_count": 1
                    }
                ],
                "map_locations": [
                    {
                        "map": "overworld",
                        "x": 2599,
                        "y": 23
                    }
                ]
            },
            {
                "name": "Magical Sword Grave",
                "access_rules": [
                    "sword2, heart:10"                               
                ],
                "sections": [
                    {
                        "name": "Magical Sword",
                        "item_count": 1
                    }
                ],
                "map_locations": [
                    {
                        "map": "overworld",
                        "x": 407,
                        "y": 440
                    }
                ]
            },
            {
                "name": "Letter Cave",
                "access_rules": [
                    "$weapons", "[unsafe]"                          
                ],
                "sections": [
                    {
                        "name": "Letter",
                        "item_count": 1
                    }
                ],
                "map_locations": [
                    {
                        "map": "overworld",
                        "x": 3671,
                        "y": 71
                    }
                ]
            },
            {
                "name": "Armos Knights",
                "access_rules": [
                    "$weapons", "[unsafe]"                            
                ],
                "sections": [
                    {
                        "name": "Power Bracelet",
                        "item_count": 1
                    }
                ],
                "map_locations": [
                    {
                        "map": "overworld",
                        "x": 1255,
                        "y": 423
                    }
                ]
            },
            {
                "name": "Ocean Heart Container",
                "access_rules": [
                    "{}", "ladder, [$weapons]"                        
                ],
                "sections": [
                    {
                        "name": "Heart Container",
                        "item_count": 1
                    }
                ],
                "map_locations": [
                    {
                        "map": "overworld",
                        "x": 4041,
                        "y": 968
                    }
                ]
            },
            {
                "name": "Take Any Item (Desert)",
                "access_rules": [
                    "[$weapons],bomb"
                ],
                "sections": [
                    {
                        "name": "Left",
                        "item_count": 1
                    },
                    {
                        "name": "Middle",
                        "item_count": 1
                    },
                    {
                        "name": "Right",
                        "item_count": 1
                    }
                ],
                "map_locations": [
                    {
                        "map": "overworld",
                        "x": 3222,
                        "y": 457
                    }
                ]
            },
            {
                "name": "Take Any Item (Shore)",
                "access_rules": [
                    "[$weapons],bomb"
                ],
                "sections": [
                    {
                        "name": "Left",
                        "item_count": 1
                    },
                    {
                        "name": "Middle",
                        "item_count": 1
                    },
                    {
                        "name": "Right",
                        "item_count": 1
                    }
                ],
                "map_locations": [
                    {
                        "map": "overworld",
                        "x": 2967,
                        "y": 1255
                    }
                ]
            },
            {
                "name": "Take Any Item (Bush)",
                "access_rules": [
                    "[$weapons],$fire"
                ],
                "sections": [
                    {
                        "name": "Left",
                        "item_count": 1
                    },
                    {
                        "name": "Middle",
                        "item_count": 1
                    },
                    {
                        "name": "Right",
                        "item_count": 1
                    }
                ],
                "map_locations": [
                    {
                        "map": "overworld",
                        "x": 1977,
                        "y": 824
                    }
                ]
            },
            {
                "name": "Take Any Item (Northeast Raft Spot)",
                "access_rules": [
                    "[$weapons],raft"
                ],
                "sections": [
                    {
                        "name": "Left",
                        "item_count": 1
                    },
                    {
                        "name": "Middle",
                        "item_count": 1
                    },
                    {
                        "name": "Right",
                        "item_count": 1
                    }
                ],
                "map_locations": [
                    {
                        "map": "overworld",
                        "x": 3946,
                        "y": 424
                    }
                ]
            },
            {
                "name": "Arrow Shop (Coast)",
                "access_rules": ["[$weapons],bomb"],
                "sections": [
                    {
                        "name": "Left",
                        "item_count": 1
                    },
                    {
                        "name": "Middle",
                        "item_count": 1
                    },
                    {
                        "name": "Right",
                        "item_count": 1
                    }
                ],
                "map_locations": [
                    {
                        "map": "overworld",
                        "x": 3896,
                        "y": 1080
                    }
                ]
            },
            {
                "name": "Arrow Shop (Desert)",
                "access_rules": ["[$weapons]"],
                "sections": [
                    {
                        "name": "Left",
                        "item_count": 1
                    },
                    {
                        "name": "Middle",
                        "item_count": 1
                    },
                    {
                        "name": "Right",
                        "item_count": 1
                    }
                ],
                "map_locations": [
                    {
                        "map": "overworld",
                        "x": 2744,
                        "y": 727
                    }
                ]
            },
            {
                "name": "Arrow Shop (Lake)",
                "access_rules": ["[$weapons]"],
                "sections": [
                    {
                        "name": "Left",
                        "item_count": 1
                    },
                    {
                        "name": "Middle",
                        "item_count": 1
                    },
                    {
                        "name": "Right",
                        "item_count": 1
                    }
                ],
                "map_locations": [
                    {
                        "map": "overworld",
                        "x": 1095,
                        "y": 727
                    }
                ]
            },
            {
                "name": "Arrow Shop (Graveyard)",
                "access_rules": ["[$weapons]"],
                "sections": [
                    {
                        "name": "Left",
                        "item_count": 1
                    },
                    {
                        "name": "Middle",
                        "item_count": 1
                    },
                    {
                        "name": "Right",
                        "item_count": 1
                    }
                ],
                "map_locations": [
                    {
                        "map": "overworld",
                        "x": 1447,
                        "y": 375
                    }
                ]
            },
            {
                "name": "Candle Shop (Forest)",
                "access_rules": [
                    "[$weapons]"
                ],
                "sections": [
                    {
                        "name": "Left",
                        "item_count": 1
                    },
                    {
                        "name": "Middle",
                        "item_count": 1
                    },
                    {
                        "name": "Right",
                        "item_count": 1
                    }
                ],
                "map_locations": [
                    {
                        "map": "overworld",
                        "x": 3703,
                        "y": 903
                    }
                ]
            },
            {
                "name": "Candle Shop (Lost Hills)",
                "access_rules": [
                    "[$weapons]"
                ],
                "sections": [
                    {
                        "name": "Left",
                        "item_count": 1
                    },
                    {
                        "name": "Middle",
                        "item_count": 1
                    },
                    {
                        "name": "Right",
                        "item_count": 1
                    }
                ],
                "map_locations": [
                    {
                        "map": "overworld",
                        "x": 3208,
                        "y": 23
                    }
                ]
            },
            {
                "name": "Candle Shop (Start)",
                "access_rules": [
                    "[$weapons]"
                ],
                "sections": [
                    {
                        "name": "Left",
                        "item_count": 1
                    },
                    {
                        "name": "Middle",
                        "item_count": 1
                    },
                    {
                        "name": "Right",
                        "item_count": 1
                    }
                ],
                "map_locations": [
                    {
                        "map": "overworld",
                        "x": 1656,
                        "y": 1079
                    }
                ]
            },
            {
                "name": "Blue Ring Shop",
                "access_rules": [
                    "[$weapons]"
                ],
                "sections": [
                    {
                        "name": "Left",
                        "item_count": 1
                    },
                    {
                        "name": "Middle",
                        "item_count": 1
                    },
                    {
                        "name": "Right",
                        "item_count": 1
                    }
                ],
                "map_locations": [
                    {
                        "map": "overworld",
                        "x": 1094,
                        "y": 600
                    }
                ]
            },
            {
                "name": "Shield Shop (Bush)",
                "icons": "images/items/shield2.png",
                "access_rules": [
                    "[$weapons], $fire"
                ],
                "sections": [
                    {
                        "name": "Left",
                        "item_count": 1
                    },
                    {
                        "name": "Middle",
                        "item_count": 1
                    },
                    {
                        "name": "Right",
                        "item_count": 1
                    }
                ],
                "map_locations": [
                    {
                        "map": "overworld",
                        "x": 3543,
                        "y": 807
                    }
                ]
            },
            {
                "name": "Shield Shop (Corner Bush)",
                "icons": "images/items/shield2.png",
                "access_rules": [
                    "[$weapons], $fire"
                ],
                "sections": [
                    {
                        "name": "Left",
                        "item_count": 1
                    },
                    {
                        "name": "Middle",
                        "item_count": 1
                    },
                    {
                        "name": "Right",
                        "item_count": 1
                    }
                ],
                "map_locations": [
                    {
                        "map": "overworld",
                        "x": 1686,
                        "y": 823
                    }
                ]
            },
            {
                "name": "Shield Shop (Bomb Wall)",
                "icons": "images/items/shield2.png",
                "access_rules": [
                    "[$weapons], bomb"
                ],
                "sections": [
                    {
                        "name": "Left",
                        "item_count": 1
                    },
                    {
                        "name": "Middle",
                        "item_count": 1
                    },
                    {
                        "name": "Right",
                        "item_count": 1
                    }
                ],
                "map_locations": [
                    {
                        "map": "overworld",
                        "x": 648,
                        "y": 200
                    }
                ]
            },
            {
                "name": "Shield Shop (Forgotten Spot)",
                "icons": "images/items/shield2.png",
                "access_rules": [
                    "[$weapons], bomb"
                ],
                "sections": [
                    {
                        "name": "Left",
                        "item_count": 1
                    },
                    {
                        "name": "Middle",
                        "item_count": 1
                    },
                    {
                        "name": "Right",
                        "item_count": 1
                    }
                ],
                "map_locations": [
                    {
                        "map": "overworld",
                        "x": 1588,
                        "y": 375
                    }
                ]
            },
            {
                "name": "Potion Shop (Lost Hills Bomb Wall)",
                "access_rules": [
                    "letter, [$weapons], bomb"
                ],
                "sections": [
                    {
                        "name": "Left",
                        "item_count": 1
                    },
                    {
                        "name": "Middle",
                        "item_count": 1
                    },
                    {
                        "name": "Right",
                        "item_count": 1
                    }
                ],
                "map_locations": [
                    {
                        "map": "overworld",
                        "x": 3475,
                        "y": 23
                    }
                ]
            },
            {
                "name": "Potion Shop (Desert Bush)",
                "access_rules": [
                    "letter, [$weapons], $fire"
                ],
                "sections": [
                    {
                        "name": "Left",
                        "item_count": 1
                    },
                    {
                        "name": "Middle",
                        "item_count": 1
                    },
                    {
                        "name": "Right",
                        "item_count": 1
                    }
                ],
                "map_locations": [
                    {
                        "map": "overworld",
                        "x": 2998,
                        "y": 743
                    }
                ]
            },
            {
                "name": "Potion Shop (Start Bush)",
                "access_rules": [
                    "letter, [$weapons], $fire"
                ],
                "sections": [
                    {
                        "name": "Left",
                        "item_count": 1
                    },
                    {
                        "name": "Middle",
                        "item_count": 1
                    },
                    {
                        "name": "Right",
                        "item_count": 1
                    }
                ],
                "map_locations": [
                    {
                        "map": "overworld",
                        "x": 2087,
                        "y": 1336
                    }
                ]
            },
            {
                "name": "Potion Shop (Desert Bomb Wall)",
                "access_rules": [
                    "letter, [$weapons], bomb"
                ],
                "sections": [
                    {
                        "name": "Left",
                        "item_count": 1
                    },
                    {
                        "name": "Middle",
                        "item_count": 1
                    },
                    {
                        "name": "Right",
                        "item_count": 1
                    }
                ],
                "map_locations": [
                    {
                        "map": "overworld",
                        "x": 2022,
                        "y": 374
                    }
                ]
            },
            {
                "name": "Potion Shop (by D9)",
                "access_rules": [
                    "letter, [$weapons]"
                ],
                "sections": [
                    {
                        "name": "Left",
                        "item_count": 1
                    },
                    {
                        "name": "Middle",
                        "item_count": 1
                    },
                    {
                        "name": "Right",
                        "item_count": 1
                    }
                ],
                "map_locations": [
                    {
                        "map": "overworld",
                        "x": 1223,
                        "y": 23
                    }
                ]
            },
            {
                "name": "Potion Shop (Bomb Wall by D6)",
                "access_rules": [
                    "letter, [$weapons], bomb"
                ],
                "sections": [
                    {
                        "name": "Left",
                        "item_count": 1
                    },
                    {
                        "name": "Middle",
                        "item_count": 1
                    },
                    {
                        "name": "Right",
                        "item_count": 1
                    }
                ],
                "map_locations": [
                    {
                        "map": "overworld",
                        "x": 933,
                        "y": 552
                    }
                ]
            },
            {
                "name": "Potion Shop (Dead Woods)",
                "access_rules": [
                    "letter, [$weapons]"
                ],
                "sections": [
                    {
                        "name": "Left",
                        "item_count": 1
                    },
                    {
                        "name": "Middle",
                        "item_count": 1
                    },
                    {
                        "name": "Right",
                        "item_count": 1
                    }
                ],
                "map_locations": [
                    {
                        "map": "overworld",
                        "x": 1143,
                        "y": 1079
                    }
                ]
            },
            {
                "name": "Eagle Dungeon (D1)",
                "sections": [
                    {
                        "name": "Key Drop (Keese Entrance)",
                        "access_rules": [
                            "$weapons"
                        ],
                        "visibility_rules": [
                            "pooltrue"
                        ],
                        "item_count": 1
                    },
                    {
                        "name": "Key Drop (Stalfos Entrance)",
                        "access_rules": [
                            "$weapons"
                        ],
                        "visibility_rules": [
                            "pooltrue"
                        ],
                        "item_count": 1
                    },
                    {
                        "name": "Key Drop (Stalfos Middle)",
                        "access_rules": [
                            "$weapons"
                        ],
                        "visibility_rules": [
                            "pooltrue"
                        ],
                        "item_count": 1
                    },
                    {
                        "name": "Map",
                        "access_rules": [
                            "$weapons"
                        ],
                        "item_count": 1
                    },
                    {
                        "name": "Key Drop (Stalfos Water)",
                        "access_rules": [
                            "$weapons"
                        ],
                        "visibility_rules": [
                            "pooltrue"
                        ],
                        "item_count": 1
                    },
                    {
                        "name": "Key Drop (Moblins)",
                        "access_rules": [
                            "$weapons"
                        ],
                        "visibility_rules": [
                            "pooltrue"
                        ],
                        "item_count": 1
                    },
                    {
                        "name": "Bow",
                        "access_rules": [
                            "$weapons"
                        ],
                        "item_count": 1
                    },
                    {
                        "name": "Compass",
                        "access_rules": [
                            "[dangerous]","$weapons"
                        ],
                        "item_count": 1
                    },
                    {
                        "name": "Boomerang",
                        "access_rules": [
                            "$weapons"
                        ],
                        "item_count": 1
                    },
                    {
                        "name": "Key Drop (Wallmasters)",
                        "access_rules": [
                            "$weapons"
                        ],
                        "visibility_rules": [
                            "pooltrue"
                        ],
                        "item_count": 1
                    },
                    {
                        "name": "Aquamentus",
                        "access_rules": [
                            "$weapons"
                        ],
                        "item_count": 1
                    },
                    {
                        "name": "Triforce",
                        "access_rules": [
                            "$weapons"
                        ],
                        "item_count": 1
                    }
                ],
                "map_locations": [
                    {
                        "map": "overworld",
                        "x": 1912,
                        "y": 598
                    }
                ]
            },
            {
                "name": "Moon (D2)",
                "sections": [
                    {
                        "name": "Key Drop (Ropes West)",
                        "access_rules": [
                            "$weapons"
                        ],
                        "visibility_rules": [
                            "pooltrue"
                        ],
                        "item_count": 1
                    },
                    {
                        "name": "Key Drop (Ropes Entrance)",
                        "access_rules": [
                            "$weapons"
                        ],
                        "visibility_rules": [
                            "pooltrue"
                        ],
                        "item_count": 1
                    },
                    {
                        "name": "Key Drop (Ropes Middle)",
                        "access_rules": [
                            "$weapons"
                        ],
                        "visibility_rules": [
                            "pooltrue"
                        ],
                        "item_count": 1
                    },
                    {
                        "name": "Key Drop (Moldorms)",
                        "access_rules": [
                            "$weapons"
                        ],
                        "visibility_rules": [
                            "pooltrue"
                        ],
                        "item_count": 1
                    },
                    {
                        "name": "Bomb Drop (Keese)",
                        "access_rules": [
                            "$weapons", "[dangerous]"
                        ],
                        "visibility_rules": [
                            "pooltrue"
                        ],
                        "item_count": 1
                    },
                    {
                        "name": "Magical Boomerang",
                        "access_rules": [
                            "$weapons"
                        ],
                        "item_count": 1
                    },
                    {
                        "name": "Map",
                        "access_rules": [
                            "$weapons"
                        ],
                        "item_count": 1
                    },
                    {
                        "name": "Compass",
                        "access_rules": [
                            "$weapons"
                        ],
                        "item_count": 1
                    },
                    {
                        "name": "Rupee Drop (Gels)",
                        "access_rules": [
                            "$weapons"
                        ],
                        "visibility_rules": [
                            "pooltrue"
                        ],
                        "item_count": 1
                    },
                    {
                        "name": "Bomb Drop (Moblins)",
                        "access_rules": [
                            "$weapons"
                        ],
                        "visibility_rules": [
                            "pooltrue"
                        ],
                        "item_count": 1
                    },
                    {
                        "name": "Dodongo",
                        "access_rules": [
                            "$weapons, bomb"
                        ],
                        "item_count": 1
                    },
                    {
                        "name": "Triforce",
                        "access_rules": [
                            "$weapons, bomb"
                        ],
                        "item_count": 1
                    }
                ],
                "map_locations": [
                    {
                        "map": "overworld",
                        "x": 3192,
                        "y": 598
                    }
                ]
            },
            {
                "name": "Manji (D3)",
                "sections": [
                    {
                        "name": "Key Drop (Zols Entrance)",
                        "access_rules": [
                            "$weapons", "[dangerous]"
                        ],
                        "visibility_rules": [
                            "pooltrue"
                        ],
                        "item_count": 1
                    },
                    {
                        "name": "Key Drop (Zols South)",
                        "access_rules": [
                            "$weapons"
                        ],
                        "visibility_rules": [
                            "pooltrue"
                        ],
                        "item_count": 1
                    },
                    {
                        "name": "Bomb Drop (Darknuts Central)",
                        "access_rules": [
                            "$weapons"
                        ],
                        "visibility_rules": [
                            "pooltrue"
                        ],
                        "item_count": 1
                    },
                    {
                        "name": "Compass",
                        "access_rules": [
                            "$weapons", "[dangerous]"
                        ],
                        "item_count": 1
                    },
                    {
                        "name": "Bomb Drop (Darknuts West)",
                        "access_rules": [
                            "$weapons"
                        ],
                        "visibility_rules": [
                            "pooltrue"
                        ],
                        "item_count": 1
                    },
                    {
                        "name": "Raft",
                        "access_rules": [
                            "$weapons"
                        ],
                        "item_count": 1
                    },
                    {
                        "name": "Key Drop (Zols and Keese West)",
                        "access_rules": [
                            "$weapons"
                        ],
                        "visibility_rules": [
                            "pooltrue"
                        ],
                        "item_count": 1
                    },
                    {
                        "name": "Bomb Drop (Keese Corridor)",
                        "access_rules": [
                            "$weapons"
                        ],
                        "visibility_rules": [
                            "pooltrue"
                        ],
                        "item_count": 1
                    },
                    {
                        "name": "Key Drop (Zols Central)",
                        "access_rules": [
                            "$weapons"
                        ],
                        "visibility_rules": [
                            "pooltrue"
                        ],
                        "item_count": 1
                    },
                    {
                        "name": "Key Drop (Keese North)",
                        "access_rules": [
                            "$weapons"
                        ],
                        "visibility_rules": [
                            "pooltrue"
                        ],
                        "item_count": 1
                    },
                    {
                        "name": "Map",
                        "access_rules": [
                            "$weapons"
                        ],
                        "item_count": 1
                    },
                    {
                        "name": "Rupee Drop (Zols and Keese East)",
                        "access_rules": [
                            "$weapons"
                        ],
                        "visibility_rules": [
                            "pooltrue"
                        ],
                        "item_count": 1
                    },
                    {
                        "name": "Manhandla",
                        "access_rules": [
                            "$weapons"
                        ],
                        "item_count": 1
                    },
                    {
                        "name": "Triforce",
                        "access_rules": [
                            "$weapons"
                        ],
                        "item_count": 1
                    }
                ],
                "map_locations": [
                    {
                        "map": "overworld",
                        "x": 1160,
                        "y": 1302
                    }
                ]
            },
            {
                "name": "Snake (D4)",
                "access_rules": ["raft,[$fire]","flute,[$fire]"],
                "sections": [
                    {
                        "name": "Stepladder",
                        "access_rules": [
                            "$weapons,$fire"
                        ],
                        "item_count": 1
                    },
                    {
                        "name": "Map",
                        "access_rules": [
                            "$weapons,ladder,$fire"
                        ],
                        "item_count": 1
                    },
                    {
                        "name": "Compass",
                        "access_rules": [
                            "$weapons"
                        ],
                        "item_count": 1
                    },
                    {
                        "name": "Gleeok",
                        "access_rules": [
                            "$weapons,ladder,$fire"
                        ],
                        "item_count": 1
                    },
                    {
                        "name": "Triforce",
                        "access_rules": [
                            "$weapons,ladder,$fire"
                        ],
                        "item_count": 1
                    },
                    {
                        "name": "Key Drop (Keese Entrance)",
                        "access_rules": [
                            "$weapons"
                        ],
                        "visibility_rules": [
                            "pooltrue"
                        ],
                        "item_count": 1
                    },
                    {
                        "name": "Key Drop (Keese Central)",
                        "access_rules": [
                            "$weapons"
                        ],
                        "visibility_rules": [
                            "pooltrue"
                        ],
                        "item_count": 1
                    },
                    {
                        "name": "Key Drop (Zols)",
                        "access_rules": [
                            "$weapons,$fire"
                        ],
                        "visibility_rules": [
                            "pooltrue"
                        ],
                        "item_count": 1
                    },
                    {
                        "name": "Key Drop (Keese North)",
                        "access_rules": [
                            "$weapons,ladder,$fire"
                        ],
                        "visibility_rules": [
                            "pooltrue"
                        ],
                        "item_count": 1
                    }
                ],
                "map_locations": [
                    {
                        "map": "overworld",
                        "x": 1416,
                        "y": 774
                    }
                ]
            },
            {
                "name": "Lizard (D5)",
                "access_rules": [
                    "[ladder],[$fire]"
                ],
                "sections": [
                    {
                        "name": "Recorder",
                        "access_rules": [
                            "$weapons"
                        ],
                        "item_count": 1
                    },
                    {
                        "name": "Map",
                        "access_rules": [
                            "$weapons,ladder"
                        ],
                        "item_count": 1
                    },
                    {
                        "name": "Compass",
                        "access_rules": [
                            "$weapons,ladder,bomb"
                        ],
                        "item_count": 1
                    },
                    {
                        "name": "Digdogger",
                        "access_rules": [
                            "$weapons, ladder, bomb, flute"
                        ],
                        "item_count": 1
                    },
                    {
                        "name": "Triforce",
                        "access_rules": [
                            "$weapons, ladder, bomb, flute"
                        ],
                        "item_count": 1
                    },
                    {
                        "name": "Key Drop (Keese North)",
                        "access_rules": [
                            "$weapons,ladder"
                        ],
                        "visibility_rules": [
                            "pooltrue"
                        ],
                        "item_count": 1
                    },
                    {
                        "name": "Key Drop (Gibdos North)",
                        "access_rules": [
                            "$weapons, ladder, bomb"  
                        ],
                        "visibility_rules": [
                            "pooltrue"
                        ],
                        "item_count": 1
                    },
                    {
                        "name": "Key Drop (Gibdos Central)",
                        "access_rules": [
                            "$weapons, ladder, bomb"  
                        ],
                        "visibility_rules": [
                            "pooltrue"
                        ],
                        "item_count": 1
                    },
                    {
                        "name": "Key Drop (Pols Voice Entrance)",
                        "access_rules": [
                            "$weapons"
                        ],
                        "visibility_rules": [
                            "pooltrue"
                        ],
                        "item_count": 1
                    },
                    {
                        "name": "Key Drop (Gibdos Entrance)",
                        "access_rules": [
                            "$weapons"
                        ],
                        "visibility_rules": [
                            "pooltrue"
                        ],
                        "item_count": 1
                    },
                    {
                        "name": "Key Drop (Gibdos, Keese, and Pols Voice)",
                        "access_rules": [
                            "$weapons, ladder, bomb"  
                        ],
                        "visibility_rules": [
                            "pooltrue"
                        ],
                        "item_count": 1
                    },
                    {
                        "name": "Key Drop (Zols)",
                        "access_rules": [
                            "$weapons, ladder, bomb"  
                        ],
                        "visibility_rules": [
                            "pooltrue"
                        ],
                        "item_count": 1
                    },
                    {
                        "name": "Bomb Drop (Gibdos)",
                        "access_rules": [
                            "$weapons, ladder", "$weapons,bomb"  
                        ],
                        "visibility_rules": [
                            "pooltrue"
                        ],
                        "item_count": 1
                    },
                    {
                        "name": "Bomb Drop (Dodongos)",
                        "access_rules": [
                            "$weapons, ladder, bomb"  
                        ],
                        "visibility_rules": [
                            "pooltrue"
                        ],
                        "item_count": 1
                    },
                    {
                        "name": "Rupee Drop (Zols)",
                        "access_rules": [
                            "$weapons, ladder, bomb"  
                        ],
                        "visibility_rules": [
                            "pooltrue"
                        ],
                        "item_count": 1
                    }
                ],
                "map_locations": [
                    {
                        "map": "overworld",
                        "x": 2935,
                        "y": 70
                    }
                ]
            },
            {
                "name": "Dragon (D6)",
                "access_rules": [
                    "[ladder],[$fire]"
                ],
                "sections": [
                    {
                        "name": "Magical Rod",
                        "access_rules": [
                            "$weapons"
                        ],
                        "item_count": 1
                    },
                    {
                        "name": "Map",
                        "access_rules": [
                            "$weapons"
                        ],
                        "item_count": 1
                    },
                    {
                        "name": "Compass",
                        "access_rules": [
                            "$weapons"
                        ],
                        "item_count": 1
                    },
                    {
                        "name": "Gohma",
                        "access_rules": [
                            "$weapons, ladder, bow, arrow",
                            "$weapons, ladder, bow, arrow2"
                        ],
                        "item_count": 1
                    },
                    {
                        "name": "Triforce",
                        "access_rules": [
                            "$weapons, ladder, bow, arrow",
                            "$weapons, ladder, bow, arrow2"
                        ],
                        "item_count": 1
                    },
                    {
                        "name": "Key Drop (Wizzrobes Entrance)",
                        "access_rules": [
                            "$weapons"
                        ],
                        "visibility_rules": [
                            "pooltrue"
                        ],
                        "item_count": 1
                    },
                    {
                        "name": "Key Drop (Keese)",
                        "access_rules": [
                            "$weapons"
                        ],
                        "visibility_rules": [
                            "pooltrue"
                        ],
                        "item_count": 1
                    },
                    {
                        "name": "Key Drop (Wizzrobes North Island)",
                        "access_rules": [
                            "$weapons"
                        ],
                        "visibility_rules": [
                            "pooltrue"
                        ],
                        "item_count": 1
                    },
                    {
                        "name": "Key Drop (Wizzrobes North Stream)",
                        "access_rules": [
                            "$weapons, ladder"
                        ],
                        "visibility_rules": [
                            "pooltrue"
                        ],
                        "item_count": 1
                    },
                    {
                        "name": "Key Drop (Vires)",
                        "access_rules": [
                            "$weapons, ladder"
                        ],
                        "visibility_rules": [
                            "pooltrue"
                        ],
                        "item_count": 1
                    },
                    {
                        "name": "Bomb Drop (Wizzrobes)",
                        "access_rules": [
                            "$weapons, ladder"
                        ],
                        "visibility_rules": [
                            "pooltrue"
                        ],
                        "item_count": 1
                    },
                    {
                        "name": "Rupee Drop (Wizzrobes)",
                        "access_rules": [
                            "$weapons"
                        ],
                        "visibility_rules": [
                            "pooltrue"
                        ],
                        "item_count": 1
                    }
                ],
                "map_locations": [
                    {
                        "map": "overworld",
                        "x": 639,
                        "y": 420
                    }
                ]
            },
            {
                "name": "Demon (D7)",
                "access_rules": [
                    "$weapons, flute, [$fire], [ladder]"
                ],
                "sections": [
                    {
                        "name": "Red Candle",
                        "access_rules": [
                            "ladder,bomb,flute"                        
                        ],
                        "item_count": 1
                    },
                    {
                        "name": "Map",
                        "access_rules": [
                            "ladder,bomb,flute,food"                        
                        ],
                        "item_count": 1
                    },
                    {
                        "name": "Compass",
                        "access_rules": [
                            "bomb"                        
                        ],
                        "item_count": 1
                    },
                    {
                        "name": "Aquamentus",
                        "access_rules": [
                            "ladder,bomb,flute,food"                        
                        ],
                        "item_count": 1
                    },
                    {
                        "name": "Triforce",
                        "access_rules": [
                            "ladder,bomb,flute,food"                        
                        ],
                        "item_count": 1
                    },
                    {
                        "name": "Key Drop (Ropes)",
                        "visibility_rules": [
                            "pooltrue"
                        ],
                        "access_rules": [
                            "bomb"                        
                        ],
                        "item_count": 1
                    },
                    {
                        "name": "Key Drop (Goriyas)",
                        "visibility_rules": [
                            "pooltrue"
                        ],
                        "access_rules": [
                            "ladder,bomb,flute,food"                         
                        ],
                        "item_count": 1
                    },
                    {
                        "name": "Key Drop (Stalfos)",
                        "visibility_rules": [
                            "pooltrue"
                        ],
                        "access_rules": [
                            "ladder"                       
                        ],
                        "item_count": 1
                    },
                    {
                        "name": "Key Drop (Moldorms)",
                        "visibility_rules": [
                            "pooltrue"
                        ],
                        "access_rules": [
                            "ladder,bomb"                       
                        ],
                        "item_count": 1
                    },
                    {
                        "name": "Bomb Drop (Goriyas South)",
                        "visibility_rules": [
                            "pooltrue"
                        ],
                        "item_count": 1
                    },
                    {
                        "name": "Bomb Drop (Keese and Spikes)",
                        "visibility_rules": [
                            "pooltrue"
                        ],
                        "access_rules": [
                            "bomb"                       
                        ],
                        "item_count": 1
                    },
                    {
                        "name": "Bomb Drop (Moldorms South)",
                        "visibility_rules": [
                            "pooltrue"
                        ],
                        "item_count": 1
                    },
                    {
                        "name": "Bomb Drop (Moldorms North)",
                        "visibility_rules": [
                            "pooltrue"
                        ],
                        "access_rules": [
                            "ladder,bomb,flute,food"                       
                        ],
                        "item_count": 1
                    },
                    {
                        "name": "Bomb Drop (Goriyas North)",
                        "visibility_rules": [
                            "pooltrue"
                        ],
                        "access_rules": [
                            "ladder,bomb,flute,food"                       
                        ],
                        "item_count": 1
                    },
                    {
                        "name": "Bomb Drop (Dodongos)",
                        "visibility_rules": [
                            "pooltrue"
                        ],
                        "access_rules": [
                            "ladder,bomb,flute,food"                       
                        ],
                        "item_count": 1
                    },
                    {
                        "name": "Bomb Drop (Digdogger)",
                        "visibility_rules": [
                            "pooltrue"
                        ],
                        "access_rules": [
                            "flute"
                        ],
                        "item_count": 1
                    },
                    {
                        "name": "Rupee Drop (Goriyas Central)",
                        "visibility_rules": [
                            "pooltrue"
                        ],
                        "access_rules": [
                            "ladder,bomb,flute"                       
                        ],
                        "item_count": 1
                    },
                    {
                        "name": "Rupee Drop (Dodongos)",
                        "visibility_rules": [
                            "pooltrue"
                        ],
                        "access_rules": [
                            "bomb"                       
                        ],
                        "item_count": 1
                    },
                    {
                        "name": "Rupee Drop (Goriyas North)",
                        "visibility_rules": [
                            "pooltrue"
                        ],
                        "access_rules": [
                            "ladder,bomb,flute,food"                       
                        ],
                        "item_count": 1
                    }
                ],
                "map_locations": [
                    {
                        "map": "overworld",
                        "x": 609,
                        "y": 798
                    }
                ]
            },
            {
                "name": "Lion (D8)",
                "access_rules": [
                    "$weapons, $fire, [ladder]"
                ],
                "sections": [
                    {
                        "name": "Magical Key",
                        "access_rules": [
                            "bow,$arrows,bomb"                       
                        ],
                        "item_count": 1
                    },
                    {
                        "name": "Map",
                        "access_rules": [
                            "bomb"                       
                        ],
                        "item_count": 1
                    },
                    {
                        "name": "Compass",
                        "access_rules": [
                            "bomb"                       
                        ],
                        "item_count": 1
                    },
                    {
                        "name": "Book of Magic",
                        "item_count": 1
                    },
                    {
                        "name": "Gleeok",
                        "access_rules": [
                            "bomb"                       
                        ],
                        "item_count": 1
                    },
                    {
                        "name": "Triforce",
                        "access_rules": [
                            "bomb"                       
                        ],
                        "item_count": 1
                    },
                    {
                        "name": "Key Drop (Darknuts West)",
                        "visibility_rules": [
                            "pooltrue"
                        ],
                        "access_rules": [
                            "bomb"                       
                        ],
                        "item_count": 1
                    },
                    {
                        "name": "Key Drop (Darknuts Far West)",
                        "visibility_rules": [
                            "pooltrue"
                        ],
                        "access_rules": [
                            "bomb"                       
                        ],
                        "item_count": 1
                    },
                    {
                        "name": "Key Drop (Pols Voice South)",
                        "visibility_rules": [
                            "pooltrue"
                        ],
                        "access_rules": [
                            "bomb"                       
                        ],
                        "item_count": 1
                    },
                    {
                        "name": "Key Drop (Pols Voice and Keese)",
                        "visibility_rules": [
                            "pooltrue"
                        ],
                        "access_rules": [
                            "bomb"                       
                        ],
                        "item_count": 1
                    },
                    {
                        "name": "Key Drop (Darknuts Central)",
                        "visibility_rules": [
                            "pooltrue"
                        ],
                        "access_rules": [
                            "bomb"                       
                        ],
                        "item_count": 1
                    },
                    {
                        "name": "Key Drop (Keese and Zols Entrance)",
                        "visibility_rules": [
                            "pooltrue"
                        ],
                        "access_rules": [
                            "ladder"                       
                        ],
                        "item_count": 1
                    },
                    {
                        "name": "Bomb Drop (Darknuts North)",
                        "visibility_rules": [
                            "pooltrue"
                        ],
                        "access_rules": [
                            "bow,$arrows,bomb"                       
                        ],
                        "item_count": 1
                    },
                    {
                        "name": "Bomb Drop (Darknuts East)",
                        "visibility_rules": [
                            "pooltrue"
                        ],
                        "access_rules": [
                            "bomb"                       
                        ],
                        "item_count": 1
                    },
                    {
                        "name": "Bomb Drop (Pols Voice North)",
                        "visibility_rules": [
                            "pooltrue"
                        ],
                        "access_rules": [
                            "bomb"                       
                        ],
                        "item_count": 1
                    },
                    {
                        "name": "Rupee Drop (Manhandla Entrance West)",
                        "visibility_rules": [
                            "pooltrue"
                        ],
                        "item_count": 1
                    },
                    {
                        "name": "Rupee Drop (Manhandla Entrance North)",
                        "visibility_rules": [
                            "pooltrue"
                        ],
                        "item_count": 1
                    },
                    {
                        "name": "Rupee Drop (Darknuts and Gibdos)",
                        "visibility_rules": [
                            "pooltrue"
                        ],
                        "access_rules": [
                            "bomb"                       
                        ],
                        "item_count": 1
                    }
                ],
                "map_locations": [
                    {
                        "map": "overworld",
                        "x": 3495,
                        "y": 1096
                    }
                ]
            },
            {
                "name": "Death Mountain (D9)",
                "access_rules": [
                    "$weapons, triforce:8, [$fire], [ladder]"
                ],
                "sections": [
                    {
                        "name": "Silver Arrow",
                        "access_rules": [
                            "bomb"                       
                        ],
                        "item_count": 1
                    },
                    {
                        "name": "Red Ring",
                        "access_rules": [
                            "bomb"                       
                        ],
                        "item_count": 1
                    },
                    {
                        "name": "Map",
                        "access_rules": [
                            "bomb"                       
                        ],
                        "item_count": 1
                    },
                    {
                        "name": "Compass",
                        "access_rules": [
                            "bomb,$fire"                       
                        ],
                        "item_count": 1
                    },
                    {
                        "name": "Key Drop (Patra Southwest)",
                        "visibility_rules": [
                            "pooltrue"
                        ],
                        "access_rules": [
                            "bomb"                       
                        ],
                        "item_count": 1
                    },
                    {
                        "name": "Key Drop (Like Likes and Zols East)",
                        "visibility_rules": [
                            "pooltrue"
                        ],
                        "access_rules": [
                            "ladder", "bomb"                    
                        ],
                        "item_count": 1
                    },
                    {
                        "name": "Key Drop (Wizzrobes and Bubbles East)",
                        "visibility_rules": [
                            "pooltrue"
                        ],
                        "access_rules": [
                            "bomb"                       
                        ],
                        "item_count": 1
                    },
                    {
                        "name": "Key Drop (Wizzrobes East Island)",
                        "visibility_rules": [
                            "pooltrue"
                        ],
                        "access_rules": [
                            "bomb,ladder"                       
                        ],
                        "item_count": 1
                    },
                    {
                        "name": "Bomb Drop (Blue Lanmolas)",
                        "visibility_rules": [
                            "pooltrue"
                        ],
                        "access_rules": [
                            "bomb"                       
                        ],
                        "item_count": 1
                    },
                    {
                        "name": "Bomb Drop (Gels Lake)",
                        "visibility_rules": [
                            "pooltrue"
                        ],
                        "access_rules": [
                            "bomb,ladder"                       
                        ],
                        "item_count": 1
                    },
                    {
                        "name": "Bomb Drop (Like Likes and Zols Corridor)",
                        "visibility_rules": [
                            "pooltrue"
                        ],
                        "access_rules": [
                            "bomb"                       
                        ],
                        "item_count": 1
                    },
                    {
                        "name": "Bomb Drop (Patra Northeast)",
                        "visibility_rules": [
                            "pooltrue"
                        ],
                        "access_rules": [
                            "bomb"                       
                        ],
                        "item_count": 1
                    },
                    {
                        "name": "Bomb Drop (Vires)",
                        "visibility_rules": [
                            "pooltrue"
                        ],
                        "access_rules": [
                            "bomb"                       
                        ],
                        "item_count": 1
                    },
                    {
                        "name": "Rupee Drop (Wizzrobes West Island)",
                        "visibility_rules": [
                            "pooltrue"
                        ],
                        "access_rules": [
                            "bomb,ladder"                       
                        ],
                        "item_count": 1
                    },
                    {
                        "name": "Rupee Drop (Red Lanmolas)",
                        "visibility_rules": [
                            "pooltrue"
                        ],
                        "access_rules": [
                            "bomb,$fire"                       
                        ],
                        "item_count": 1
                    },
                    {
                        "name": "Rupee Drop (Keese Southwest)",
                        "visibility_rules": [
                            "pooltrue"
                        ],
                        "access_rules": [
                            "bomb,$fire"                       
                        ],
                        "item_count": 1
                    },
                    {
                        "name": "Rupee Drop (Keese Central Island)",
                        "visibility_rules": [
                            "pooltrue"
                        ],
                        "access_rules": [
                            "bomb,ladder"                       
                        ],
                        "item_count": 1
                    },
                    {
                        "name": "Rupee Drop (Wizzrobes Central)",
                        "visibility_rules": [
                            "pooltrue"
                        ],
                        "item_count": 1
                    },
                    {
                        "name": "Rupee Drop (Wizzrobes North Island)",
                        "visibility_rules": [
                            "pooltrue"
                        ],
                        "access_rules": [
                            "bomb,ladder"                       
                        ],
                        "item_count": 1
                    },
                    {
                        "name": "Rupee Drop (Gels East)",
                        "visibility_rules": [
                            "pooltrue"
                        ],
                        "access_rules": [
                            "bomb"                       
                        ],
                        "item_count": 1
                    },
                    {
                        "name": "Ganon: Triforce of Power",
                        "access_rules": [
                            "bomb,ladder,$fire,bow,arrow2"                       
                        ],
                        "hosted_item": "ganon"
                    },
                    {
                        "name": "Zelda: Rescued Zelda!",
                        "access_rules": [
                            "bomb,ladder,$fire,bow,arrow2"                       
                        ],
                        "hosted_item": "zelda"
                    }
                ],
                "map_locations": [
                    {
                        "map": "overworld",
                        "x": 1375,
                        "y": 95
                    }
                ]
            }
        ]
    },
    {
        "name": "Secret Rupees",
        "access_rules": ["{}"],
        "children": [
            {
                "name": "Secret Rupee",
                "chest_unopened_img": "images/items/rupee.png",
                "chest_opened_img": "images/items/rupee_gray.png",
                "sections": [
                    {
                        "item_count": 1
                    }
                ],
                "map_locations": [
                    {
                        "map": "overworld",
                        "x": 808,
                        "y": 200,
                        "size": 30,
                        "border_thickness": 6
                    }
                ]
            },
            {
                "name": "Rupee Minigame (West)",
                "chest_unopened_img": "images/items/rupee.png",
                "chest_opened_img": "images/items/rupee_gray.png",
                "sections": [
                    {
                        "item_count": 1
                    }
                ],
                "map_locations": [
                    {
                        "map": "overworld",
                        "x": 1639,
                        "y": 200,
                        "size": 30,
                        "border_thickness": 6
                    }
                ]
            },
            {
                "name": "Secret Rupee",
                "chest_unopened_img": "images/items/rupee.png",
                "chest_opened_img": "images/items/rupee_gray.png",
                "sections": [
                    {
                        "item_count": 1
                    }
                ],
                "map_locations": [
                    {
                        "map": "overworld",
                        "x": 407,
                        "y": 984,
                        "size": 30,
                        "border_thickness": 6
                    }
                ]
            },
            {
                "name": "Secret Rupee",
                "chest_unopened_img": "images/items/rupee.png",
                "chest_opened_img": "images/items/rupee_gray.png",
                "sections": [
                    {
                        "item_count": 1
                    }
                ],
                "map_locations": [
                    {
                        "map": "overworld",
                        "x": 647,
                        "y": 1096,
                        "size": 30,
                        "border_thickness": 6
                    }
                ]
            },
            {
                "name": "Secret Rupee",
                "chest_unopened_img": "images/items/rupee.png",
                "chest_opened_img": "images/items/rupee_gray.png",
                "sections": [
                    {
                        "item_count": 1
                    }
                ],
                "map_locations": [
                    {
                        "map": "overworld",
                        "x": 345,
                        "y": 1255,
                        "size": 30,
                        "border_thickness": 6
                    }
                ]
            },
            {
                "name": "Secret Rupee",
                "chest_unopened_img": "images/items/rupee.png",
                "chest_opened_img": "images/items/rupee_gray.png",
                "sections": [
                    {
                        "item_count": 1
                    }
                ],
                "map_locations": [
                    {
                        "map": "overworld",
                        "x": 2263,
                        "y": 456,
                        "size": 30,
                        "border_thickness": 6
                    }
                ]
            },
            {
                "name": "Secret Rupee",
                "chest_unopened_img": "images/items/rupee.png",
                "chest_opened_img": "images/items/rupee_gray.png",
                "sections": [
                    {
                        "item_count": 1
                    }
                ],
                "map_locations": [
                    {
                        "map": "overworld",
                        "x": 3417,
                        "y": 375,
                        "size": 30,
                        "border_thickness": 6
                    }
                ]
            },
            {
                "name": "Secret Rupee",
                "chest_unopened_img": "images/items/rupee.png",
                "chest_opened_img": "images/items/rupee_gray.png",
                "sections": [
                    {
                        "item_count": 1
                    }
                ],
                "map_locations": [
                    {
                        "map": "overworld",
                        "x": 3975,
                        "y": 70,
                        "size": 30,
                        "border_thickness": 6
                    }
                ]
            },
            {
                "name": "Rupee Minigame (East)",
                "chest_unopened_img": "images/items/rupee.png",
                "chest_opened_img": "images/items/rupee_gray.png",
                "sections": [
                    {
                        "item_count": 1
                    }
                ],
                "map_locations": [
                    {
                        "map": "overworld",
                        "x": 3943,
                        "y": 247,
                        "size": 30,
                        "border_thickness": 6
                    }
                ]
            },
            {
                "name": "Secret Rupee",
                "chest_unopened_img": "images/items/rupee.png",
                "chest_opened_img": "images/items/rupee_gray.png",
                "sections": [
                    {
                        "item_count": 1
                    }
                ],
                "map_locations": [
                    {
                        "map": "overworld",
                        "x": 3479,
                        "y": 600,
                        "size": 30,
                        "border_thickness": 6
                    }
                ]
            },
            {
                "name": "Secret Rupee",
                "chest_unopened_img": "images/items/rupee.png",
                "chest_opened_img": "images/items/rupee_gray.png",
                "sections": [
                    {
                        "item_count": 1
                    }
                ],
                "map_locations": [
                    {
                        "map": "overworld",
                        "x": 3751,
                        "y": 776,
                        "size": 30,
                        "border_thickness": 6
                    }
                ]
            },
            {
                "name": "Secret Rupee",
                "chest_unopened_img": "images/items/rupee.png",
                "chest_opened_img": "images/items/rupee_gray.png",
                "sections": [
                    {
                        "item_count": 1
                    }
                ],
                "map_locations": [
                    {
                        "map": "overworld",
                        "x": 2855,
                        "y": 984,
                        "size": 30,
                        "border_thickness": 6
                    }
                ]
            },
            {
                "name": "Secret Rupee",
                "chest_unopened_img": "images/items/rupee.png",
                "chest_opened_img": "images/items/rupee_gray.png",
                "sections": [
                    {
                        "item_count": 1
                    }
                ],
                "map_locations": [
                    {
                        "map": "overworld",
                        "x": 2951,
                        "y": 1160,
                        "size": 30,
                        "border_thickness": 6
                    }
                ]
            },
            {
                "name": "Secret Rupee",
                "chest_unopened_img": "images/items/rupee.png",
                "chest_opened_img": "images/items/rupee_gray.png",
                "sections": [
                    {
                        "item_count": 1
                    }
                ],
                "map_locations": [
                    {
                        "map": "overworld",
                        "x": 1913,
                        "y": 1079,
                        "size": 30,
                        "border_thickness": 6
                    }
                ]
            },
            {
                "name": "Secret Rupee",
                "chest_unopened_img": "images/items/rupee.png",
                "chest_opened_img": "images/items/rupee_gray.png",
                "sections": [
                    {
                        "item_count": 1
                    }
                ],
                "map_locations": [
                    {
                        "map": "overworld",
                        "x": 1703,
                        "y": 984,
                        "size": 30,
                        "border_thickness": 6
                    }
                ]
            },
            {
                "name": "Rupee Minigame (South)",
                "chest_unopened_img": "images/items/rupee.png",
                "chest_opened_img": "images/items/rupee_gray.png",
                "sections": [
                    {
                        "item_count": 1
                    }
                ],
                "map_locations": [
                    {
                        "map": "overworld",
                        "x": 1641,
                        "y": 1255,
                        "size": 30,
                        "border_thickness": 6
                    }
                ]
            },
            {
                "name": "Rupee Minigame (South-East)",
                "chest_unopened_img": "images/items/rupee.png",
                "chest_opened_img": "images/items/rupee_gray.png",
                "sections": [
                    {
                        "item_count": 1
                    }
                ],
                "map_locations": [
                    {
                        "map": "overworld",
                        "x": 3177,
                        "y": 1255,
                        "size": 30,
                        "border_thickness": 6
                    }
                ]
            },
            {
                "name": "Rupee Minigame (North-West)",
                "chest_unopened_img": "images/items/rupee.png",
                "chest_opened_img": "images/items/rupee_gray.png",
                "sections": [
                    {
                        "item_count": 1
                    }
                ],
                "map_locations": [
                    {
                        "map": "overworld",
                        "x": 153,
                        "y": 199,
                        "size": 32,
                        "border_thickness": 6
                    }
                ]
            }
        ]
    }
]